N,nwh,nfact,K,S,nr,R,B
2,1,2,1,2,1,2,2
d,21,30
c1,92,65
u1,1
f1,1435.5284006806373
c2,65,48
u2,0,1,1,1
f2,1735.8389707496203,1430.9025710301885,1895.1161112960224,1675.25031588999
d_retailer,37
c3,27,50
u3,36,76
f3,1416.3960828452898,1481.9151359842715
